drug,event,a,b,c,d,ror,ror_ci_low,ror_ci_high,prr,chi2,is_signal
ATORVASTATIN CALCIUM,musculoskeletal,9009,24395,54069,313155,2.138881762033544,2.0843409986135613,2.1948496887038837,1.8317273555504818,3461.3963885382113,True
ATORVASTATIN CALCIUM,hepatic,2324,31080,16965,350259,1.5437982810396604,1.4760474785406146,1.6146588556198884,1.5059648717133471,365.0364563001319,False
ATORVASTATIN CALCIUM,cardiovascular,5052,28352,43291,323933,1.3333286675927667,1.2918962248186232,1.3760898914882218,1.282916249059697,320.99035758187676,False
ATORVASTATIN CALCIUM,dermatologic,2016,31388,23400,343824,0.943728813559322,0.9004544956974384,0.9890828218390549,0.9471248952221291,5.850042114764013,False
ATORVASTATIN CALCIUM,neurocognitive_mood,3424,29980,41003,326221,0.9086537201096775,0.8758072518276105,0.9427320695806173,0.9180169599116312,26.022313150150815,False
ATORVASTATIN CALCIUM,metabolic,2824,30580,43784,323440,0.682190244349543,0.6555595899088748,0.7099027100654255,0.709058126937164,358.39651938237756,False
ATORVASTATIN CALCIUM,gastrointestinal,7540,25864,115580,251644,0.6347161429596703,0.6180672316114735,0.6518135269576101,0.7171685523143608,1139.7914006958076,False
ATORVASTATIN CALCIUM,renal,1215,32189,29132,338092,0.4380597856303081,0.413160912046716,0.4644591736325091,0.4584991749387496,807.0498710095496,False
