drug,event,a,b,c,d,ror,ror_ci_low,ror_ci_high,prr,chi2,is_signal
ATORVASTATIN,hepatic,4149,36992,15140,344347,2.550974110079283,2.460818430450661,2.644432774791534,2.3945610043521754,2778.681699664064,True
ATORVASTATIN,musculoskeletal,11534,29607,51544,307943,2.327436074325435,2.2734963612295065,2.382655531122954,1.9552854780523847,5220.829544094388,True
ATORVASTATIN,cardiovascular,5980,35161,42363,317124,1.2731581920349917,1.2364809397312504,1.3109233873820318,1.233453615374987,263.31756300171577,False
ATORVASTATIN,dermatologic,2769,38372,22647,336840,1.0733009123740531,1.030342711924729,1.1180501741513085,1.068367385567127,11.525727211757824,False
ATORVASTATIN,neurocognitive_mood,4454,36687,39973,319514,0.9704231796755011,0.9391167130180109,1.0027732811027599,0.9736252204067745,3.220341998365747,False
ATORVASTATIN,renal,2697,38444,27650,331837,0.8419417595834189,0.8081810106770018,0.8771128214663403,0.8523032742379852,68.04837630354926,False
ATORVASTATIN,gastrointestinal,7804,33337,115316,244171,0.4956729944415955,0.48313365622173904,0.508537780911573,0.5913383392649538,2980.1338382239455,False
ATORVASTATIN,metabolic,1754,39387,44854,314633,0.31237752421286274,0.29748684869156317,0.328013551061308,0.3416935306913304,2422.720373027552,False
