drug,event,a,b,c,d,ror,ror_ci_low,ror_ci_high,prr,chi2,is_signal
CANAGLIFLOZIN,metabolic,1388,2162,45220,351858,4.99540435678629,4.666444249452665,5.347554444848742,3.4332575265836507,2628.105699562592,True
CANAGLIFLOZIN,renal,545,3005,29802,367276,2.235111357812366,2.038628064697307,2.4505317415825902,2.045495670486242,309.443904166718,True
CANAGLIFLOZIN,cardiovascular,340,3210,48003,349075,0.7702367771277016,0.6884948766932935,0.8616835257938347,0.7922422688957527,20.91785866433823,False
CANAGLIFLOZIN,neurocognitive_mood,270,3280,44157,352921,0.6579120814477388,0.5809027449975873,0.745130420956599,0.6839300358165024,44.08768332361432,False
CANAGLIFLOZIN,hepatic,104,3446,19185,377893,0.5944633846663009,0.4888462949988161,0.7228994457445367,0.606343893960584,27.77349159578289,False
CANAGLIFLOZIN,dermatologic,129,3421,25287,371791,0.5544191211636973,0.4648283289723856,0.6612776002518282,0.5706106516904249,44.27994326890928,False
CANAGLIFLOZIN,musculoskeletal,247,3303,62831,334247,0.3978157063178571,0.34946992134654886,0.4528496632367997,0.43971416280785414,208.47070355421636,False
CANAGLIFLOZIN,gastrointestinal,527,3023,122593,274485,0.39032413985740516,0.35574375585806783,0.4282659404321573,0.48083095064477066,424.65735001853136,False
