drug,event,a,b,c,d,ror,ror_ci_low,ror_ci_high,prr,chi2,is_signal
DAPAGLIFLOZIN,dermatologic,2686,20556,22730,354656,2.0388030525264775,1.9541833095771752,2.127086986476549,1.9187520672805385,1128.3416505459058,True
DAPAGLIFLOZIN,cardiovascular,4147,19095,44196,333190,1.6372815436562183,1.5809455354318809,1.6956250504006014,1.5235733188243477,775.75075161961,False
DAPAGLIFLOZIN,renal,2213,21029,28134,349252,1.3063820714425505,1.2483299315616214,1.3671338589563287,1.2772097315362445,133.55548506050502,False
DAPAGLIFLOZIN,metabolic,3353,19889,43255,334131,1.3022700714430353,1.2537917916391277,1.3526227801819686,1.2586631723143673,187.1899712886562,False
DAPAGLIFLOZIN,neurocognitive_mood,3196,20046,41231,336155,1.2998545294840809,1.2505021884867507,1.3511546108247239,1.2586216288631735,177.28186435377845,False
DAPAGLIFLOZIN,gastrointestinal,5266,17976,117854,259532,0.6451109025703539,0.6251228552298814,0.6657380595404655,0.7255190424492161,755.6801095443514,False
DAPAGLIFLOZIN,musculoskeletal,1941,21301,61137,316249,0.4713576716573267,0.4495946993541854,0.49417409713540017,0.5155059703972428,1016.7123314717026,False
DAPAGLIFLOZIN,hepatic,440,22802,18849,358537,0.3670501458581763,0.3336296943910289,0.40381840057858837,0.3790326747206839,459.53881550350616,False
