drug,event,a,b,c,d,ror,ror_ci_low,ror_ci_high,prr,chi2,is_signal
DULAGLUTIDE,gastrointestinal,19662,10986,103458,266522,4.6105961371872075,4.499343865019436,4.72459927002129,2.2942446216111545,17414.939520287637,True
DULAGLUTIDE,dermatologic,2763,27885,22653,347327,1.519228350676045,1.4577076588354976,1.5833454448209905,1.4724185120921924,398.55341382422387,False
DULAGLUTIDE,neurocognitive_mood,2811,27837,41616,328364,0.7967711834907769,0.7654467357929898,0.8293775244643317,0.8154111013714681,123.75276025682399,False
DULAGLUTIDE,renal,963,29685,29384,340596,0.37602598864444764,0.35226536255456503,0.4013892910465542,0.3956320631985914,931.4137817992225,False
DULAGLUTIDE,cardiovascular,1439,29209,46904,323076,0.339343020584352,0.32156726514016626,0.3581013930914834,0.37036251266798276,1699.5672628722498,False
DULAGLUTIDE,metabolic,1107,29541,45501,324479,0.2672317659504723,0.2514682452733158,0.28398343757236966,0.29369921684752354,2077.2950366961236,False
DULAGLUTIDE,hepatic,422,30226,18867,351113,0.25982194711607565,0.2357592943248411,0.2863405423591641,0.2700136443986721,855.8141004428088,False
DULAGLUTIDE,musculoskeletal,1481,29167,61597,308383,0.25421089809500186,0.24110797968014566,0.26802588946245853,0.29024958446674887,2979.062368879072,False
