drug,event,a,b,c,d,ror,ror_ci_low,ror_ci_high,prr,chi2,is_signal
EMPAGLIFLOZIN,metabolic,6121,14947,40487,339073,3.429619628563551,3.3233448545343283,3.5392928845708194,2.723729095696763,6563.9479071209935,True
EMPAGLIFLOZIN,cardiovascular,3295,17773,45048,334512,1.3766732241362323,1.3247380476156636,1.4306444730449064,1.3177621612195394,267.554223655104,False
EMPAGLIFLOZIN,renal,2097,18971,28250,351310,1.3746124289378805,1.311887164336779,1.4403367767880868,1.337325440923701,179.70993032696313,False
EMPAGLIFLOZIN,dermatologic,1416,19652,24000,355560,1.0674760838591493,1.0098534283777127,1.1283867119625792,1.0629409531042338,5.32095226656424,False
EMPAGLIFLOZIN,gastrointestinal,4984,16084,118136,261424,0.6857205468001868,0.6637867987426563,0.7083790596538272,0.7600687903329316,522.8993083279477,False
EMPAGLIFLOZIN,neurocognitive_mood,1470,19598,42957,336603,0.5877459158287529,0.5568792967130561,0.6203234051119295,0.6165105590664468,381.34385902551486,False
EMPAGLIFLOZIN,hepatic,409,20659,18880,360680,0.37821093691672936,0.34257608623966196,0.41755253372635814,0.39028193211328616,400.6132817967591,False
EMPAGLIFLOZIN,musculoskeletal,1276,19792,61802,317758,0.33147818768870896,0.313030114764886,0.3510134767574013,0.3719677373616351,1573.3926311987464,False
