drug,event,a,b,c,d,ror,ror_ci_low,ror_ci_high,prr,chi2,is_signal
LIRAGLUTIDE,gastrointestinal,4779,3968,118341,273540,2.7838829734384314,2.6676630173885902,2.9051661920128806,1.8092428991201208,2400.3267649447293,True
LIRAGLUTIDE,neurocognitive_mood,1035,7712,43392,348489,1.077836124615012,1.0093530464838951,1.1509656760555922,1.0686260652830655,5.010737243670478,False
LIRAGLUTIDE,dermatologic,472,8275,24944,366937,0.8390723389576943,0.764071147111932,0.9214356446583601,0.8477562141162592,13.523018510614683,False
LIRAGLUTIDE,renal,481,8266,29866,362015,0.7053410832276418,0.6429040974132645,0.7738417684542174,0.7215444602674845,55.03828231338629,False
LIRAGLUTIDE,hepatic,287,8460,19002,372879,0.6657024344581869,0.5912872582271927,0.7494829713940487,0.6766711553122512,45.88944548668498,False
LIRAGLUTIDE,metabolic,546,8201,46062,345819,0.49984101577600953,0.45811432390341167,0.5453683240532536,0.5310616406058138,252.85704265573946,False
LIRAGLUTIDE,cardiovascular,567,8180,47776,344105,0.49924181377397703,0.4582601881703175,0.5438883740162405,0.5317020734733202,262.8345845011914,False
LIRAGLUTIDE,musculoskeletal,580,8167,62498,329383,0.3742833423173521,0.3439014770911336,0.40734928364127077,0.41577364315831883,559.918377367569,False
