drug,event,a,b,c,d,ror,ror_ci_low,ror_ci_high,prr,chi2,is_signal
METFORMIN HYDROCHLORIDE,metabolic,21985,66234,24623,287786,3.8794859558814494,3.8024673022759186,3.958064615801737,3.1618911209813296,19428.58598258409,True
METFORMIN HYDROCHLORIDE,renal,11670,76549,18677,293732,2.397593088378268,2.3396668442090895,2.456953489624918,2.212713285372403,5164.91535429491,True
METFORMIN HYDROCHLORIDE,cardiovascular,9687,78532,38656,273753,0.8735436607858298,0.8531343101075656,0.8944412600202397,0.8874293606687084,125.78713742440875,False
METFORMIN HYDROCHLORIDE,neurocognitive_mood,7610,80609,36817,275592,0.7066743567699506,0.6886072879365955,0.725215453372032,0.7319773883729008,696.1092984213873,False
METFORMIN HYDROCHLORIDE,gastrointestinal,21669,66550,101451,210958,0.6770651760313227,0.6656115603605051,0.6887158815962277,0.7563868040318358,2022.507131462504,False
METFORMIN HYDROCHLORIDE,hepatic,3082,85137,16207,296202,0.6616063214875404,0.636132978174721,0.6880997207348826,0.6734283702205277,430.8450700167251,False
METFORMIN HYDROCHLORIDE,musculoskeletal,9043,79176,54035,258374,0.5461257152987794,0.5333616566549463,0.5591952349577237,0.5926506720150553,2574.2349696047468,False
METFORMIN HYDROCHLORIDE,dermatologic,3473,84746,21943,290466,0.5424814292541582,0.5229841221896852,0.5627056130375166,0.5604929913462281,1103.365976086927,False
