drug,event,a,b,c,d,ror,ror_ci_low,ror_ci_high,prr,chi2,is_signal
METFORMIN,metabolic,2229,7786,44379,346234,2.233509840543051,2.128600671164062,2.34358951182448,1.9589723033917317,1127.5205008538185,True
METFORMIN,renal,1309,8706,29038,361575,1.8722018829482165,1.7643715669307916,1.986622294425321,1.7582016568095031,443.0994664324747,False
METFORMIN,cardiovascular,1896,8119,46447,344166,1.7303983315781684,1.6444865764463519,1.8207983140847432,1.5921222220752023,456.200615928962,False
METFORMIN,hepatic,509,9506,18780,371833,1.060162198999029,0.9685588771135342,1.1604290815401908,1.057104529574116,1.6060420627698315,False
METFORMIN,gastrointestinal,2244,7771,120876,269737,0.6443864307349554,0.6145191001000571,0.6757053963786095,0.7240665954309874,334.4492021650647,False
METFORMIN,dermatologic,421,9594,24995,365618,0.6418843827135241,0.5817103471184543,0.7082830188812557,0.6569384690717475,79.19758946756633,False
METFORMIN,neurocognitive_mood,735,9280,43692,346921,0.6288803535998068,0.5829962038149585,0.6783757708126443,0.656116792951194,146.53090234242202,False
METFORMIN,musculoskeletal,672,9343,62406,328207,0.37827219270395324,0.3496270222074827,0.4092642807458442,0.41998972505572,632.0531505366869,False
