model,macro_auc,micro_auc,macro_ap,hamming_loss,n_categories,n_evaluated
logistic,0.7387999183122332,0.7834994628651414,0.6672720537873034,0.2924680849550219,5,5
