drug,event,a,b,c,d,ror,ror_ci_low,ror_ci_high,prr,chi2,is_signal
ROSUVASTATIN CALCIUM,hepatic,4236,41215,15053,340124,2.3222815057467012,2.2410864298548425,2.4064182978799593,2.1990458352808586,2270.5792461330448,True
ROSUVASTATIN CALCIUM,neurocognitive_mood,7653,37798,36774,318403,1.7530696533688441,1.7066509547936708,1.8007508805069672,1.6262684376149166,1718.3062835502972,False
ROSUVASTATIN CALCIUM,musculoskeletal,10539,34912,52539,302638,1.7388668633639863,1.6981878353720374,1.780520332041413,1.5675413067647244,2140.8312545488834,False
ROSUVASTATIN CALCIUM,dermatologic,3136,42315,22280,332897,1.1073283111552643,1.0652649944900499,1.151052550330868,1.0999229386929885,26.64506321006292,False
ROSUVASTATIN CALCIUM,cardiovascular,4714,40737,43629,311548,0.8263237663780749,0.8004804937265864,0.8530013813359324,0.844336786230086,138.84641170619102,False
ROSUVASTATIN CALCIUM,gastrointestinal,11069,34382,112051,243126,0.6985426375664786,0.6829611014129686,0.7144796614167269,0.7719586580011588,979.7030106534077,False
ROSUVASTATIN CALCIUM,renal,2293,43158,28054,327123,0.6195252788035817,0.5930122510567856,0.6472236794310386,0.6387202037932054,468.6726931642741,False
ROSUVASTATIN CALCIUM,metabolic,1811,43640,44797,310380,0.2875269161564706,0.2740418559575311,0.30167554961845644,0.3159154830711838,2917.8907406034955,False
