drug,event,a,b,c,d,ror,ror_ci_low,ror_ci_high,prr,chi2,is_signal
ROSUVASTATIN,musculoskeletal,7309,19125,55769,318425,2.182080751634573,2.1209494551216026,2.244974011594778,1.8552354685258081,3023.767952294208,True
ROSUVASTATIN,cardiovascular,4509,21925,43834,330360,1.5499474980996253,1.4987900537667018,1.6028510736562642,1.4561397781582162,664.3511885322513,False
ROSUVASTATIN,neurocognitive_mood,3593,22841,40834,333360,1.2842029594259543,1.2379930405598951,1.3321377317698988,1.24557311781222,179.83355928448677,False
ROSUVASTATIN,renal,2308,24126,28039,346155,1.1810235821124517,1.1297274926972025,1.2346488073647115,1.1652180881457597,54.05058495437723,False
ROSUVASTATIN,hepatic,1447,24987,17842,356352,1.1566183544464532,1.0946255554925917,1.222122040847488,1.148045048897387,26.84486808777886,False
ROSUVASTATIN,dermatologic,1582,24852,23834,350360,0.9357562077560415,0.8879065211602438,0.9861845357434175,0.9396010166888532,6.150020597538812,False
ROSUVASTATIN,gastrointestinal,4590,21844,118530,255664,0.4532333018684155,0.43871302841511745,0.46823415904615917,0.5481738762961968,2375.75960816896,False
ROSUVASTATIN,metabolic,1096,25338,45512,328682,0.3123835978387806,0.2938212672319241,0.3321186145510519,0.3408933798153523,1543.413480598212,False
