drug,event,a,b,c,d,ror,ror_ci_low,ror_ci_high,prr,chi2,is_signal
SEMAGLUTIDE,gastrointestinal,22300,12075,100820,265433,4.862123054719417,4.750134952395533,4.976751363098034,2.356658498494166,20588.9010515156,True
SEMAGLUTIDE,neurocognitive_mood,3871,30504,40556,325697,1.0191192921602419,0.9840690624184114,1.055417928799385,1.0169662512889026,1.1249745868317171,False
SEMAGLUTIDE,dermatologic,1675,32700,23741,342512,0.7389989858703256,0.7023722075093821,0.7775357499607142,0.7517168534679171,136.99710540245147,False
SEMAGLUTIDE,renal,1193,33182,29154,337099,0.41571643989788964,0.39190515843887125,0.4409744415965169,0.43599426643466976,904.7299332157263,False
SEMAGLUTIDE,hepatic,630,33745,18659,347594,0.3477883446790516,0.3209918749658025,0.3768217893598745,0.35974160556202467,729.5737008869397,False
SEMAGLUTIDE,cardiovascular,1540,32835,46803,319450,0.3201200684676006,0.3038944057076247,0.33721205889618705,0.3505786894002521,2039.7433242301784,False
SEMAGLUTIDE,metabolic,1332,33043,45276,320977,0.28577920044574195,0.2703094293724057,0.3021343043674995,0.3134546071368335,2201.8572868826604,False
SEMAGLUTIDE,musculoskeletal,1834,32541,61244,305009,0.28068392635670814,0.26757391433693617,0.2944362745906977,0.3190614006566877,3071.3533936947733,False
