drug,event,a,b,c,d,ror,ror_ci_low,ror_ci_high,prr,chi2,is_signal
SIMVASTATIN,musculoskeletal,7613,26721,55465,310829,1.5966349683497068,1.5540738682731856,1.640361680484126,1.4643409736492257,1169.8546881986938,False
SIMVASTATIN,dermatologic,2878,31456,22538,343756,1.3954754678139607,1.34011572770311,1.4531221005877264,1.3623252844281455,262.5911035445665,False
SIMVASTATIN,cardiovascular,5177,29157,43166,323128,1.3291320004622758,1.28827748535122,1.3712821148707954,1.279504332075452,320.9732555791993,False
SIMVASTATIN,neurocognitive_mood,4305,30029,40122,326172,1.1654573601134277,1.126967800481105,1.2052614614745005,1.1447113376491558,79.99522013001666,False
SIMVASTATIN,gastrointestinal,10686,23648,112434,253860,1.0202752868060583,0.9961790032695296,1.0449544283212906,1.0139648739555447,2.7095748100591885,False
SIMVASTATIN,hepatic,1250,33084,18039,348255,0.7294187162248691,0.6880240043982431,0.7733039257031114,0.7392697852735938,112.93345172458993,False
SIMVASTATIN,renal,1363,32971,28984,337310,0.48109919704360005,0.45513102082506945,0.5085490261164981,0.501698655144304,697.0909827407626,False
SIMVASTATIN,metabolic,1062,33272,45546,320748,0.22478085800914124,0.21129307915887702,0.23912962189042417,0.2487595010100818,2664.4409545500603,False
